Outlet_ID,Latitude,Longitude,__reject_reason__,__source_dataset__
OUT_00030,79.923311,7.188307,latitude_outside_sri_lanka,coordinates
OUT_00090,0.0,0.0,latitude_outside_sri_lanka,coordinates
OUT_00171,79.999061,6.706547,latitude_outside_sri_lanka,coordinates
OUT_00252,80.032979,7.134312,latitude_outside_sri_lanka,coordinates
OUT_00457,80.008335,6.712571,latitude_outside_sri_lanka,coordinates
OUT_00511,80.019915,6.866704,latitude_outside_sri_lanka,coordinates
OUT_00561,79.854092,6.97343,latitude_outside_sri_lanka,coordinates
OUT_00582,79.888708,6.827655,latitude_outside_sri_lanka,coordinates
OUT_00600,79.968622,7.063528,latitude_outside_sri_lanka,coordinates
OUT_00678,79.979931,6.792686,latitude_outside_sri_lanka,coordinates
OUT_00793,79.807731,7.195166,latitude_outside_sri_lanka,coordinates
OUT_00843,79.939144,7.145659,latitude_outside_sri_lanka,coordinates
OUT_01216,79.986941,6.750583,latitude_outside_sri_lanka,coordinates
OUT_01354,79.940581,6.821819,latitude_outside_sri_lanka,coordinates
OUT_01420,79.951732,6.995408,latitude_outside_sri_lanka,coordinates
OUT_01428,80.029532,6.867805,latitude_outside_sri_lanka,coordinates
OUT_01431,80.051506,6.860055,latitude_outside_sri_lanka,coordinates
OUT_01496,79.854543,6.85238,latitude_outside_sri_lanka,coordinates
OUT_01647,79.859668,7.025433,latitude_outside_sri_lanka,coordinates
OUT_01864,0.0,0.0,latitude_outside_sri_lanka,coordinates
OUT_02043,79.940791,6.715928,latitude_outside_sri_lanka,coordinates
OUT_02047,79.984833,6.976765,latitude_outside_sri_lanka,coordinates
OUT_02049,79.868247,6.710596,latitude_outside_sri_lanka,coordinates
OUT_02072,79.928361,6.754062,latitude_outside_sri_lanka,coordinates
OUT_02277,80.086278,6.725566,latitude_outside_sri_lanka,coordinates
OUT_02313,79.903029,6.901366,latitude_outside_sri_lanka,coordinates
OUT_02384,79.803687,6.786329,latitude_outside_sri_lanka,coordinates
OUT_02389,0.0,0.0,latitude_outside_sri_lanka,coordinates
OUT_02401,79.801238,7.135446,latitude_outside_sri_lanka,coordinates
OUT_02426,0.0,0.0,latitude_outside_sri_lanka,coordinates
OUT_02473,79.979365,6.806948,latitude_outside_sri_lanka,coordinates
OUT_02505,79.812757,7.113135,latitude_outside_sri_lanka,coordinates
OUT_02537,79.9591,6.89281,latitude_outside_sri_lanka,coordinates
OUT_02794,79.875888,6.920065,latitude_outside_sri_lanka,coordinates
OUT_02795,0.0,0.0,latitude_outside_sri_lanka,coordinates
OUT_02862,0.0,0.0,latitude_outside_sri_lanka,coordinates
OUT_03018,79.964099,7.071395,latitude_outside_sri_lanka,coordinates
OUT_03035,79.94653,7.027663,latitude_outside_sri_lanka,coordinates
OUT_03058,80.029081,7.097782,latitude_outside_sri_lanka,coordinates
OUT_03099,80.024368,6.855001,latitude_outside_sri_lanka,coordinates
OUT_03128,79.888568,6.935204,latitude_outside_sri_lanka,coordinates
OUT_03282,79.991083,6.793468,latitude_outside_sri_lanka,coordinates
OUT_03316,79.983614,7.056978,latitude_outside_sri_lanka,coordinates
OUT_03691,0.0,0.0,latitude_outside_sri_lanka,coordinates
OUT_03694,79.937325,6.811954,latitude_outside_sri_lanka,coordinates
OUT_03725,80.064589,6.725084,latitude_outside_sri_lanka,coordinates
OUT_03757,80.009908,7.112418,latitude_outside_sri_lanka,coordinates
OUT_03765,79.836403,6.932757,latitude_outside_sri_lanka,coordinates
OUT_03921,80.021384,6.880778,latitude_outside_sri_lanka,coordinates
OUT_04007,79.953439,6.997774,latitude_outside_sri_lanka,coordinates
OUT_04103,79.943975,6.98551,latitude_outside_sri_lanka,coordinates
OUT_04168,80.025624,6.934824,latitude_outside_sri_lanka,coordinates
OUT_04322,79.918343,7.099934,latitude_outside_sri_lanka,coordinates
OUT_04442,79.91271,6.908471,latitude_outside_sri_lanka,coordinates
OUT_04611,80.015111,6.998361,latitude_outside_sri_lanka,coordinates
OUT_04854,79.933763,7.019787,latitude_outside_sri_lanka,coordinates
OUT_05052,79.853059,6.764865,latitude_outside_sri_lanka,coordinates
OUT_05092,80.008288,7.134405,latitude_outside_sri_lanka,coordinates
OUT_05235,79.839533,7.070622,latitude_outside_sri_lanka,coordinates
OUT_05275,79.818852,7.079338,latitude_outside_sri_lanka,coordinates
OUT_05445,79.947468,6.899855,latitude_outside_sri_lanka,coordinates
OUT_05496,79.926565,6.760391,latitude_outside_sri_lanka,coordinates
OUT_05557,79.887331,7.053084,latitude_outside_sri_lanka,coordinates
OUT_05559,79.99871,6.713487,latitude_outside_sri_lanka,coordinates
OUT_05599,79.817859,7.075591,latitude_outside_sri_lanka,coordinates
OUT_05621,79.866506,7.107367,latitude_outside_sri_lanka,coordinates
OUT_05682,79.830061,7.072917,latitude_outside_sri_lanka,coordinates
OUT_05701,79.966805,6.743494,latitude_outside_sri_lanka,coordinates
OUT_05780,79.993513,7.035217,latitude_outside_sri_lanka,coordinates
OUT_05969,79.956564,7.173669,latitude_outside_sri_lanka,coordinates
OUT_06028,0.0,0.0,latitude_outside_sri_lanka,coordinates
OUT_06141,80.059291,6.948112,latitude_outside_sri_lanka,coordinates
OUT_06189,79.874317,7.060835,latitude_outside_sri_lanka,coordinates
OUT_06294,80.054187,7.145109,latitude_outside_sri_lanka,coordinates
OUT_06340,80.015105,7.075476,latitude_outside_sri_lanka,coordinates
OUT_06426,79.890538,6.754745,latitude_outside_sri_lanka,coordinates
OUT_06587,80.060879,6.792744,latitude_outside_sri_lanka,coordinates
OUT_06655,79.803669,6.959447,latitude_outside_sri_lanka,coordinates
OUT_06807,80.088389,7.066927,latitude_outside_sri_lanka,coordinates
OUT_06828,79.881243,7.064092,latitude_outside_sri_lanka,coordinates
OUT_06896,79.922254,6.81352,latitude_outside_sri_lanka,coordinates
OUT_07029,79.946862,6.830169,latitude_outside_sri_lanka,coordinates
OUT_07165,79.807929,7.160943,latitude_outside_sri_lanka,coordinates
OUT_07259,0.0,0.0,latitude_outside_sri_lanka,coordinates
OUT_07345,80.065909,6.927225,latitude_outside_sri_lanka,coordinates
OUT_07625,80.021488,7.064269,latitude_outside_sri_lanka,coordinates
OUT_07867,79.809723,7.008016,latitude_outside_sri_lanka,coordinates
OUT_08149,79.952261,6.954324,latitude_outside_sri_lanka,coordinates
OUT_08238,79.812443,6.995698,latitude_outside_sri_lanka,coordinates
OUT_08291,80.068737,7.040396,latitude_outside_sri_lanka,coordinates
OUT_08483,79.89557,7.0815,latitude_outside_sri_lanka,coordinates
OUT_08540,79.814554,7.094443,latitude_outside_sri_lanka,coordinates
OUT_08564,0.0,0.0,latitude_outside_sri_lanka,coordinates
OUT_08603,80.00062,6.705537,latitude_outside_sri_lanka,coordinates
OUT_08606,79.959956,7.115494,latitude_outside_sri_lanka,coordinates
OUT_08607,79.894336,6.741946,latitude_outside_sri_lanka,coordinates
OUT_08644,79.850486,7.052507,latitude_outside_sri_lanka,coordinates
OUT_08710,79.987719,6.738147,latitude_outside_sri_lanka,coordinates
OUT_08723,0.0,0.0,latitude_outside_sri_lanka,coordinates
OUT_08764,79.976643,6.84386,latitude_outside_sri_lanka,coordinates
OUT_08958,79.848957,6.946977,latitude_outside_sri_lanka,coordinates
OUT_08990,79.80903,7.110328,latitude_outside_sri_lanka,coordinates
OUT_08991,79.879761,7.154464,latitude_outside_sri_lanka,coordinates
OUT_09001,80.633632,7.380964,latitude_outside_sri_lanka,coordinates
OUT_09014,0.0,0.0,latitude_outside_sri_lanka,coordinates
OUT_09045,80.772614,6.97079,latitude_outside_sri_lanka,coordinates
OUT_09287,80.627526,6.891136,latitude_outside_sri_lanka,coordinates
OUT_09338,80.625117,6.862993,latitude_outside_sri_lanka,coordinates
OUT_09405,80.625324,6.835534,latitude_outside_sri_lanka,coordinates
OUT_09522,80.725904,7.186353,latitude_outside_sri_lanka,coordinates
OUT_09675,80.755013,7.022115,latitude_outside_sri_lanka,coordinates
OUT_09785,80.590153,7.149762,latitude_outside_sri_lanka,coordinates
OUT_09945,80.710374,7.340111,latitude_outside_sri_lanka,coordinates
OUT_09953,80.667359,7.157322,latitude_outside_sri_lanka,coordinates
OUT_10000,80.621165,7.055471,latitude_outside_sri_lanka,coordinates
OUT_10142,80.719144,7.449515,latitude_outside_sri_lanka,coordinates
OUT_10177,0.0,0.0,latitude_outside_sri_lanka,coordinates
OUT_10229,0.0,0.0,latitude_outside_sri_lanka,coordinates
OUT_10410,80.778538,7.368221,latitude_outside_sri_lanka,coordinates
OUT_10416,0.0,0.0,latitude_outside_sri_lanka,coordinates
OUT_10422,80.684072,7.070194,latitude_outside_sri_lanka,coordinates
OUT_10433,80.50926,7.03051,latitude_outside_sri_lanka,coordinates
OUT_10479,80.582101,7.39116,latitude_outside_sri_lanka,coordinates
OUT_10496,80.524955,7.091213,latitude_outside_sri_lanka,coordinates
OUT_10503,80.558835,7.097746,latitude_outside_sri_lanka,coordinates
OUT_10524,80.518072,7.020977,latitude_outside_sri_lanka,coordinates
OUT_10530,0.0,0.0,latitude_outside_sri_lanka,coordinates
OUT_10609,80.661246,6.824893,latitude_outside_sri_lanka,coordinates
OUT_10753,0.0,0.0,latitude_outside_sri_lanka,coordinates
OUT_10870,80.578892,6.983927,latitude_outside_sri_lanka,coordinates
OUT_11008,80.748129,7.316884,latitude_outside_sri_lanka,coordinates
OUT_11142,80.657996,7.423616,latitude_outside_sri_lanka,coordinates
OUT_11145,80.519416,7.161362,latitude_outside_sri_lanka,coordinates
OUT_11157,80.504191,7.399178,latitude_outside_sri_lanka,coordinates
OUT_11263,80.50742,7.148075,latitude_outside_sri_lanka,coordinates
OUT_11307,80.582366,7.368652,latitude_outside_sri_lanka,coordinates
OUT_11312,80.505945,7.464951,latitude_outside_sri_lanka,coordinates
OUT_11368,80.59526,6.98942,latitude_outside_sri_lanka,coordinates
OUT_11463,80.604406,7.020562,latitude_outside_sri_lanka,coordinates
OUT_11553,80.544706,7.485782,latitude_outside_sri_lanka,coordinates
OUT_11587,80.624961,6.91095,latitude_outside_sri_lanka,coordinates
OUT_11877,0.0,0.0,latitude_outside_sri_lanka,coordinates
OUT_11878,80.547942,7.19405,latitude_outside_sri_lanka,coordinates
OUT_11980,80.564345,6.893341,latitude_outside_sri_lanka,coordinates
OUT_12014,0.0,0.0,latitude_outside_sri_lanka,coordinates
OUT_12104,80.581609,7.401874,latitude_outside_sri_lanka,coordinates
OUT_12331,80.614064,6.92292,latitude_outside_sri_lanka,coordinates
OUT_12440,80.792317,7.2876,latitude_outside_sri_lanka,coordinates
OUT_12565,0.0,0.0,latitude_outside_sri_lanka,coordinates
OUT_12751,80.674206,7.348103,latitude_outside_sri_lanka,coordinates
OUT_12997,80.555528,6.988229,latitude_outside_sri_lanka,coordinates
OUT_13098,80.211781,7.802834,latitude_outside_sri_lanka,coordinates
OUT_13140,80.28742,7.730532,latitude_outside_sri_lanka,coordinates
OUT_13300,80.238538,7.940422,latitude_outside_sri_lanka,coordinates
OUT_13327,0.0,0.0,latitude_outside_sri_lanka,coordinates
OUT_13567,0.0,0.0,latitude_outside_sri_lanka,coordinates
OUT_13598,79.886,7.594441,latitude_outside_sri_lanka,coordinates
OUT_13608,80.076774,7.576446,latitude_outside_sri_lanka,coordinates
OUT_13619,79.869834,7.874934,latitude_outside_sri_lanka,coordinates
OUT_13849,79.977297,7.5559,latitude_outside_sri_lanka,coordinates
OUT_13976,79.889315,8.059973,latitude_outside_sri_lanka,coordinates
OUT_13998,0.0,0.0,latitude_outside_sri_lanka,coordinates
OUT_14176,79.883921,7.972203,latitude_outside_sri_lanka,coordinates
OUT_14187,80.185205,7.422683,latitude_outside_sri_lanka,coordinates
OUT_14244,79.994693,7.643072,latitude_outside_sri_lanka,coordinates
OUT_14462,0.0,0.0,latitude_outside_sri_lanka,coordinates
OUT_14509,80.102728,7.814783,latitude_outside_sri_lanka,coordinates
OUT_14564,79.936145,7.798925,latitude_outside_sri_lanka,coordinates
OUT_14686,80.100514,7.987601,latitude_outside_sri_lanka,coordinates
OUT_14711,80.017237,7.456649,latitude_outside_sri_lanka,coordinates
OUT_14745,0.0,0.0,latitude_outside_sri_lanka,coordinates
OUT_14778,79.997259,8.076372,latitude_outside_sri_lanka,coordinates
OUT_14931,79.812518,7.890874,latitude_outside_sri_lanka,coordinates
OUT_15136,80.01065,7.599601,latitude_outside_sri_lanka,coordinates
OUT_15204,80.232645,7.916972,latitude_outside_sri_lanka,coordinates
OUT_15211,80.0142,7.929897,latitude_outside_sri_lanka,coordinates
OUT_15238,0.0,0.0,latitude_outside_sri_lanka,coordinates
OUT_15245,79.976947,7.7668,latitude_outside_sri_lanka,coordinates
OUT_15280,80.156432,7.477079,latitude_outside_sri_lanka,coordinates
OUT_15553,80.231143,7.405581,latitude_outside_sri_lanka,coordinates
OUT_15601,79.925382,7.497402,latitude_outside_sri_lanka,coordinates
OUT_15606,79.924856,7.50512,latitude_outside_sri_lanka,coordinates
OUT_15630,0.0,0.0,latitude_outside_sri_lanka,coordinates
OUT_15699,80.17582,7.489832,latitude_outside_sri_lanka,coordinates
OUT_15726,80.133702,7.412479,latitude_outside_sri_lanka,coordinates
OUT_15915,0.0,0.0,latitude_outside_sri_lanka,coordinates
OUT_15929,80.170972,7.667073,latitude_outside_sri_lanka,coordinates
OUT_16073,80.062599,7.461419,latitude_outside_sri_lanka,coordinates
OUT_16166,79.978797,7.618816,latitude_outside_sri_lanka,coordinates
OUT_16187,80.18899,7.716195,latitude_outside_sri_lanka,coordinates
OUT_16192,0.0,0.0,latitude_outside_sri_lanka,coordinates
OUT_16347,80.266245,7.727684,latitude_outside_sri_lanka,coordinates
OUT_16360,0.0,0.0,latitude_outside_sri_lanka,coordinates
OUT_16446,79.944694,7.756351,latitude_outside_sri_lanka,coordinates
OUT_16524,79.932904,7.445818,latitude_outside_sri_lanka,coordinates
OUT_16547,80.161928,7.841732,latitude_outside_sri_lanka,coordinates
OUT_16622,80.110675,7.857708,latitude_outside_sri_lanka,coordinates
OUT_16765,80.071757,7.92421,latitude_outside_sri_lanka,coordinates
OUT_16825,79.816183,7.853555,latitude_outside_sri_lanka,coordinates
OUT_16906,80.264317,7.956348,latitude_outside_sri_lanka,coordinates
OUT_16912,80.203657,8.065284,latitude_outside_sri_lanka,coordinates
OUT_16939,80.132071,7.721327,latitude_outside_sri_lanka,coordinates
OUT_17104,80.423683,5.973129,latitude_outside_sri_lanka,coordinates
OUT_17174,0.0,0.0,latitude_outside_sri_lanka,coordinates
OUT_17335,80.231599,5.97934,latitude_outside_sri_lanka,coordinates
OUT_17499,0.0,0.0,latitude_outside_sri_lanka,coordinates
OUT_17554,80.353347,5.958499,latitude_outside_sri_lanka,coordinates
OUT_17566,80.551138,6.055785,latitude_outside_sri_lanka,coordinates
OUT_17658,80.382843,5.94665,latitude_outside_sri_lanka,coordinates
OUT_17661,0.0,0.0,latitude_outside_sri_lanka,coordinates
OUT_17782,80.53414,6.050515,latitude_outside_sri_lanka,coordinates
OUT_17812,0.0,0.0,latitude_outside_sri_lanka,coordinates
OUT_17985,80.538653,5.988942,latitude_outside_sri_lanka,coordinates
OUT_17997,80.340445,6.001896,latitude_outside_sri_lanka,coordinates
OUT_18213,80.464266,6.161693,latitude_outside_sri_lanka,coordinates
OUT_18254,80.322648,6.103513,latitude_outside_sri_lanka,coordinates
OUT_18356,0.0,0.0,latitude_outside_sri_lanka,coordinates
OUT_18436,80.404534,6.107686,latitude_outside_sri_lanka,coordinates
OUT_18501,80.559474,6.172749,latitude_outside_sri_lanka,coordinates
OUT_18566,80.512937,6.246072,latitude_outside_sri_lanka,coordinates
OUT_18634,80.395366,6.052797,latitude_outside_sri_lanka,coordinates
OUT_18683,80.516414,6.195823,latitude_outside_sri_lanka,coordinates
OUT_18878,80.234559,6.111299,latitude_outside_sri_lanka,coordinates
OUT_18927,80.474217,5.946848,latitude_outside_sri_lanka,coordinates
OUT_18975,0.0,0.0,latitude_outside_sri_lanka,coordinates
OUT_19078,80.376595,6.015085,latitude_outside_sri_lanka,coordinates
OUT_19087,80.47578,6.045408,latitude_outside_sri_lanka,coordinates
OUT_19111,80.278704,6.213139,latitude_outside_sri_lanka,coordinates
OUT_19134,80.569635,6.221716,latitude_outside_sri_lanka,coordinates
OUT_19145,0.0,0.0,latitude_outside_sri_lanka,coordinates
OUT_19170,0.0,0.0,latitude_outside_sri_lanka,coordinates
OUT_19319,0.0,0.0,latitude_outside_sri_lanka,coordinates
OUT_19330,0.0,0.0,latitude_outside_sri_lanka,coordinates
OUT_19511,80.203438,6.294909,latitude_outside_sri_lanka,coordinates
OUT_19523,80.507599,6.276599,latitude_outside_sri_lanka,coordinates
OUT_19539,80.21905,5.97249,latitude_outside_sri_lanka,coordinates
OUT_19566,80.567471,6.225398,latitude_outside_sri_lanka,coordinates
OUT_19644,80.518262,6.018135,latitude_outside_sri_lanka,coordinates
OUT_19734,80.401239,6.251365,latitude_outside_sri_lanka,coordinates
OUT_19980,80.290325,6.032059,latitude_outside_sri_lanka,coordinates
OUT_00030,79.923311,7.188307,longitude_outside_sri_lanka,coordinates
OUT_00090,0.0,0.0,longitude_outside_sri_lanka,coordinates
OUT_00171,79.999061,6.706547,longitude_outside_sri_lanka,coordinates
OUT_00252,80.032979,7.134312,longitude_outside_sri_lanka,coordinates
OUT_00457,80.008335,6.712571,longitude_outside_sri_lanka,coordinates
OUT_00511,80.019915,6.866704,longitude_outside_sri_lanka,coordinates
OUT_00561,79.854092,6.97343,longitude_outside_sri_lanka,coordinates
OUT_00582,79.888708,6.827655,longitude_outside_sri_lanka,coordinates
OUT_00600,79.968622,7.063528,longitude_outside_sri_lanka,coordinates
OUT_00678,79.979931,6.792686,longitude_outside_sri_lanka,coordinates
OUT_00793,79.807731,7.195166,longitude_outside_sri_lanka,coordinates
OUT_00843,79.939144,7.145659,longitude_outside_sri_lanka,coordinates
OUT_01216,79.986941,6.750583,longitude_outside_sri_lanka,coordinates
OUT_01354,79.940581,6.821819,longitude_outside_sri_lanka,coordinates
OUT_01420,79.951732,6.995408,longitude_outside_sri_lanka,coordinates
OUT_01428,80.029532,6.867805,longitude_outside_sri_lanka,coordinates
OUT_01431,80.051506,6.860055,longitude_outside_sri_lanka,coordinates
OUT_01496,79.854543,6.85238,longitude_outside_sri_lanka,coordinates
OUT_01647,79.859668,7.025433,longitude_outside_sri_lanka,coordinates
OUT_01864,0.0,0.0,longitude_outside_sri_lanka,coordinates
OUT_02043,79.940791,6.715928,longitude_outside_sri_lanka,coordinates
OUT_02047,79.984833,6.976765,longitude_outside_sri_lanka,coordinates
OUT_02049,79.868247,6.710596,longitude_outside_sri_lanka,coordinates
OUT_02072,79.928361,6.754062,longitude_outside_sri_lanka,coordinates
OUT_02277,80.086278,6.725566,longitude_outside_sri_lanka,coordinates
OUT_02313,79.903029,6.901366,longitude_outside_sri_lanka,coordinates
OUT_02384,79.803687,6.786329,longitude_outside_sri_lanka,coordinates
OUT_02389,0.0,0.0,longitude_outside_sri_lanka,coordinates
OUT_02401,79.801238,7.135446,longitude_outside_sri_lanka,coordinates
OUT_02426,0.0,0.0,longitude_outside_sri_lanka,coordinates
OUT_02473,79.979365,6.806948,longitude_outside_sri_lanka,coordinates
OUT_02505,79.812757,7.113135,longitude_outside_sri_lanka,coordinates
OUT_02537,79.9591,6.89281,longitude_outside_sri_lanka,coordinates
OUT_02794,79.875888,6.920065,longitude_outside_sri_lanka,coordinates
OUT_02795,0.0,0.0,longitude_outside_sri_lanka,coordinates
OUT_02862,0.0,0.0,longitude_outside_sri_lanka,coordinates
OUT_03018,79.964099,7.071395,longitude_outside_sri_lanka,coordinates
OUT_03035,79.94653,7.027663,longitude_outside_sri_lanka,coordinates
OUT_03058,80.029081,7.097782,longitude_outside_sri_lanka,coordinates
OUT_03099,80.024368,6.855001,longitude_outside_sri_lanka,coordinates
OUT_03128,79.888568,6.935204,longitude_outside_sri_lanka,coordinates
OUT_03282,79.991083,6.793468,longitude_outside_sri_lanka,coordinates
OUT_03316,79.983614,7.056978,longitude_outside_sri_lanka,coordinates
OUT_03691,0.0,0.0,longitude_outside_sri_lanka,coordinates
OUT_03694,79.937325,6.811954,longitude_outside_sri_lanka,coordinates
OUT_03725,80.064589,6.725084,longitude_outside_sri_lanka,coordinates
OUT_03757,80.009908,7.112418,longitude_outside_sri_lanka,coordinates
OUT_03765,79.836403,6.932757,longitude_outside_sri_lanka,coordinates
OUT_03921,80.021384,6.880778,longitude_outside_sri_lanka,coordinates
OUT_04007,79.953439,6.997774,longitude_outside_sri_lanka,coordinates
OUT_04103,79.943975,6.98551,longitude_outside_sri_lanka,coordinates
OUT_04168,80.025624,6.934824,longitude_outside_sri_lanka,coordinates
OUT_04322,79.918343,7.099934,longitude_outside_sri_lanka,coordinates
OUT_04442,79.91271,6.908471,longitude_outside_sri_lanka,coordinates
OUT_04611,80.015111,6.998361,longitude_outside_sri_lanka,coordinates
OUT_04854,79.933763,7.019787,longitude_outside_sri_lanka,coordinates
OUT_05052,79.853059,6.764865,longitude_outside_sri_lanka,coordinates
OUT_05092,80.008288,7.134405,longitude_outside_sri_lanka,coordinates
OUT_05235,79.839533,7.070622,longitude_outside_sri_lanka,coordinates
OUT_05275,79.818852,7.079338,longitude_outside_sri_lanka,coordinates
OUT_05445,79.947468,6.899855,longitude_outside_sri_lanka,coordinates
OUT_05496,79.926565,6.760391,longitude_outside_sri_lanka,coordinates
OUT_05557,79.887331,7.053084,longitude_outside_sri_lanka,coordinates
OUT_05559,79.99871,6.713487,longitude_outside_sri_lanka,coordinates
OUT_05599,79.817859,7.075591,longitude_outside_sri_lanka,coordinates
OUT_05621,79.866506,7.107367,longitude_outside_sri_lanka,coordinates
OUT_05682,79.830061,7.072917,longitude_outside_sri_lanka,coordinates
OUT_05701,79.966805,6.743494,longitude_outside_sri_lanka,coordinates
OUT_05780,79.993513,7.035217,longitude_outside_sri_lanka,coordinates
OUT_05969,79.956564,7.173669,longitude_outside_sri_lanka,coordinates
OUT_06028,0.0,0.0,longitude_outside_sri_lanka,coordinates
OUT_06141,80.059291,6.948112,longitude_outside_sri_lanka,coordinates
OUT_06189,79.874317,7.060835,longitude_outside_sri_lanka,coordinates
OUT_06294,80.054187,7.145109,longitude_outside_sri_lanka,coordinates
OUT_06340,80.015105,7.075476,longitude_outside_sri_lanka,coordinates
OUT_06426,79.890538,6.754745,longitude_outside_sri_lanka,coordinates
OUT_06587,80.060879,6.792744,longitude_outside_sri_lanka,coordinates
OUT_06655,79.803669,6.959447,longitude_outside_sri_lanka,coordinates
OUT_06807,80.088389,7.066927,longitude_outside_sri_lanka,coordinates
OUT_06828,79.881243,7.064092,longitude_outside_sri_lanka,coordinates
OUT_06896,79.922254,6.81352,longitude_outside_sri_lanka,coordinates
OUT_07029,79.946862,6.830169,longitude_outside_sri_lanka,coordinates
OUT_07165,79.807929,7.160943,longitude_outside_sri_lanka,coordinates
OUT_07259,0.0,0.0,longitude_outside_sri_lanka,coordinates
OUT_07345,80.065909,6.927225,longitude_outside_sri_lanka,coordinates
OUT_07625,80.021488,7.064269,longitude_outside_sri_lanka,coordinates
OUT_07867,79.809723,7.008016,longitude_outside_sri_lanka,coordinates
OUT_08149,79.952261,6.954324,longitude_outside_sri_lanka,coordinates
OUT_08238,79.812443,6.995698,longitude_outside_sri_lanka,coordinates
OUT_08291,80.068737,7.040396,longitude_outside_sri_lanka,coordinates
OUT_08483,79.89557,7.0815,longitude_outside_sri_lanka,coordinates
OUT_08540,79.814554,7.094443,longitude_outside_sri_lanka,coordinates
OUT_08564,0.0,0.0,longitude_outside_sri_lanka,coordinates
OUT_08603,80.00062,6.705537,longitude_outside_sri_lanka,coordinates
OUT_08606,79.959956,7.115494,longitude_outside_sri_lanka,coordinates
OUT_08607,79.894336,6.741946,longitude_outside_sri_lanka,coordinates
OUT_08644,79.850486,7.052507,longitude_outside_sri_lanka,coordinates
OUT_08710,79.987719,6.738147,longitude_outside_sri_lanka,coordinates
OUT_08723,0.0,0.0,longitude_outside_sri_lanka,coordinates
OUT_08764,79.976643,6.84386,longitude_outside_sri_lanka,coordinates
OUT_08958,79.848957,6.946977,longitude_outside_sri_lanka,coordinates
OUT_08990,79.80903,7.110328,longitude_outside_sri_lanka,coordinates
OUT_08991,79.879761,7.154464,longitude_outside_sri_lanka,coordinates
OUT_09001,80.633632,7.380964,longitude_outside_sri_lanka,coordinates
OUT_09014,0.0,0.0,longitude_outside_sri_lanka,coordinates
OUT_09045,80.772614,6.97079,longitude_outside_sri_lanka,coordinates
OUT_09287,80.627526,6.891136,longitude_outside_sri_lanka,coordinates
OUT_09338,80.625117,6.862993,longitude_outside_sri_lanka,coordinates
OUT_09405,80.625324,6.835534,longitude_outside_sri_lanka,coordinates
OUT_09522,80.725904,7.186353,longitude_outside_sri_lanka,coordinates
OUT_09675,80.755013,7.022115,longitude_outside_sri_lanka,coordinates
OUT_09785,80.590153,7.149762,longitude_outside_sri_lanka,coordinates
OUT_09945,80.710374,7.340111,longitude_outside_sri_lanka,coordinates
OUT_09953,80.667359,7.157322,longitude_outside_sri_lanka,coordinates
OUT_10000,80.621165,7.055471,longitude_outside_sri_lanka,coordinates
OUT_10142,80.719144,7.449515,longitude_outside_sri_lanka,coordinates
OUT_10177,0.0,0.0,longitude_outside_sri_lanka,coordinates
OUT_10229,0.0,0.0,longitude_outside_sri_lanka,coordinates
OUT_10410,80.778538,7.368221,longitude_outside_sri_lanka,coordinates
OUT_10416,0.0,0.0,longitude_outside_sri_lanka,coordinates
OUT_10422,80.684072,7.070194,longitude_outside_sri_lanka,coordinates
OUT_10433,80.50926,7.03051,longitude_outside_sri_lanka,coordinates
OUT_10479,80.582101,7.39116,longitude_outside_sri_lanka,coordinates
OUT_10496,80.524955,7.091213,longitude_outside_sri_lanka,coordinates
OUT_10503,80.558835,7.097746,longitude_outside_sri_lanka,coordinates
OUT_10524,80.518072,7.020977,longitude_outside_sri_lanka,coordinates
OUT_10530,0.0,0.0,longitude_outside_sri_lanka,coordinates
OUT_10609,80.661246,6.824893,longitude_outside_sri_lanka,coordinates
OUT_10753,0.0,0.0,longitude_outside_sri_lanka,coordinates
OUT_10870,80.578892,6.983927,longitude_outside_sri_lanka,coordinates
OUT_11008,80.748129,7.316884,longitude_outside_sri_lanka,coordinates
OUT_11142,80.657996,7.423616,longitude_outside_sri_lanka,coordinates
OUT_11145,80.519416,7.161362,longitude_outside_sri_lanka,coordinates
OUT_11157,80.504191,7.399178,longitude_outside_sri_lanka,coordinates
OUT_11263,80.50742,7.148075,longitude_outside_sri_lanka,coordinates
OUT_11307,80.582366,7.368652,longitude_outside_sri_lanka,coordinates
OUT_11312,80.505945,7.464951,longitude_outside_sri_lanka,coordinates
OUT_11368,80.59526,6.98942,longitude_outside_sri_lanka,coordinates
OUT_11463,80.604406,7.020562,longitude_outside_sri_lanka,coordinates
OUT_11553,80.544706,7.485782,longitude_outside_sri_lanka,coordinates
OUT_11587,80.624961,6.91095,longitude_outside_sri_lanka,coordinates
OUT_11877,0.0,0.0,longitude_outside_sri_lanka,coordinates
OUT_11878,80.547942,7.19405,longitude_outside_sri_lanka,coordinates
OUT_11980,80.564345,6.893341,longitude_outside_sri_lanka,coordinates
OUT_12014,0.0,0.0,longitude_outside_sri_lanka,coordinates
OUT_12104,80.581609,7.401874,longitude_outside_sri_lanka,coordinates
OUT_12331,80.614064,6.92292,longitude_outside_sri_lanka,coordinates
OUT_12440,80.792317,7.2876,longitude_outside_sri_lanka,coordinates
OUT_12565,0.0,0.0,longitude_outside_sri_lanka,coordinates
OUT_12751,80.674206,7.348103,longitude_outside_sri_lanka,coordinates
OUT_12997,80.555528,6.988229,longitude_outside_sri_lanka,coordinates
OUT_13098,80.211781,7.802834,longitude_outside_sri_lanka,coordinates
OUT_13140,80.28742,7.730532,longitude_outside_sri_lanka,coordinates
OUT_13300,80.238538,7.940422,longitude_outside_sri_lanka,coordinates
OUT_13327,0.0,0.0,longitude_outside_sri_lanka,coordinates
OUT_13567,0.0,0.0,longitude_outside_sri_lanka,coordinates
OUT_13598,79.886,7.594441,longitude_outside_sri_lanka,coordinates
OUT_13608,80.076774,7.576446,longitude_outside_sri_lanka,coordinates
OUT_13619,79.869834,7.874934,longitude_outside_sri_lanka,coordinates
OUT_13849,79.977297,7.5559,longitude_outside_sri_lanka,coordinates
OUT_13976,79.889315,8.059973,longitude_outside_sri_lanka,coordinates
OUT_13998,0.0,0.0,longitude_outside_sri_lanka,coordinates
OUT_14176,79.883921,7.972203,longitude_outside_sri_lanka,coordinates
OUT_14187,80.185205,7.422683,longitude_outside_sri_lanka,coordinates
OUT_14244,79.994693,7.643072,longitude_outside_sri_lanka,coordinates
OUT_14462,0.0,0.0,longitude_outside_sri_lanka,coordinates
OUT_14509,80.102728,7.814783,longitude_outside_sri_lanka,coordinates
OUT_14564,79.936145,7.798925,longitude_outside_sri_lanka,coordinates
OUT_14686,80.100514,7.987601,longitude_outside_sri_lanka,coordinates
OUT_14711,80.017237,7.456649,longitude_outside_sri_lanka,coordinates
OUT_14745,0.0,0.0,longitude_outside_sri_lanka,coordinates
OUT_14778,79.997259,8.076372,longitude_outside_sri_lanka,coordinates
OUT_14931,79.812518,7.890874,longitude_outside_sri_lanka,coordinates
OUT_15136,80.01065,7.599601,longitude_outside_sri_lanka,coordinates
OUT_15204,80.232645,7.916972,longitude_outside_sri_lanka,coordinates
OUT_15211,80.0142,7.929897,longitude_outside_sri_lanka,coordinates
OUT_15238,0.0,0.0,longitude_outside_sri_lanka,coordinates
OUT_15245,79.976947,7.7668,longitude_outside_sri_lanka,coordinates
OUT_15280,80.156432,7.477079,longitude_outside_sri_lanka,coordinates
OUT_15553,80.231143,7.405581,longitude_outside_sri_lanka,coordinates
OUT_15601,79.925382,7.497402,longitude_outside_sri_lanka,coordinates
OUT_15606,79.924856,7.50512,longitude_outside_sri_lanka,coordinates
OUT_15630,0.0,0.0,longitude_outside_sri_lanka,coordinates
OUT_15699,80.17582,7.489832,longitude_outside_sri_lanka,coordinates
OUT_15726,80.133702,7.412479,longitude_outside_sri_lanka,coordinates
OUT_15915,0.0,0.0,longitude_outside_sri_lanka,coordinates
OUT_15929,80.170972,7.667073,longitude_outside_sri_lanka,coordinates
OUT_16073,80.062599,7.461419,longitude_outside_sri_lanka,coordinates
OUT_16166,79.978797,7.618816,longitude_outside_sri_lanka,coordinates
OUT_16187,80.18899,7.716195,longitude_outside_sri_lanka,coordinates
OUT_16192,0.0,0.0,longitude_outside_sri_lanka,coordinates
OUT_16347,80.266245,7.727684,longitude_outside_sri_lanka,coordinates
OUT_16360,0.0,0.0,longitude_outside_sri_lanka,coordinates
OUT_16446,79.944694,7.756351,longitude_outside_sri_lanka,coordinates
OUT_16524,79.932904,7.445818,longitude_outside_sri_lanka,coordinates
OUT_16547,80.161928,7.841732,longitude_outside_sri_lanka,coordinates
OUT_16622,80.110675,7.857708,longitude_outside_sri_lanka,coordinates
OUT_16765,80.071757,7.92421,longitude_outside_sri_lanka,coordinates
OUT_16825,79.816183,7.853555,longitude_outside_sri_lanka,coordinates
OUT_16906,80.264317,7.956348,longitude_outside_sri_lanka,coordinates
OUT_16912,80.203657,8.065284,longitude_outside_sri_lanka,coordinates
OUT_16939,80.132071,7.721327,longitude_outside_sri_lanka,coordinates
OUT_17104,80.423683,5.973129,longitude_outside_sri_lanka,coordinates
OUT_17174,0.0,0.0,longitude_outside_sri_lanka,coordinates
OUT_17335,80.231599,5.97934,longitude_outside_sri_lanka,coordinates
OUT_17499,0.0,0.0,longitude_outside_sri_lanka,coordinates
OUT_17554,80.353347,5.958499,longitude_outside_sri_lanka,coordinates
OUT_17566,80.551138,6.055785,longitude_outside_sri_lanka,coordinates
OUT_17658,80.382843,5.94665,longitude_outside_sri_lanka,coordinates
OUT_17661,0.0,0.0,longitude_outside_sri_lanka,coordinates
OUT_17782,80.53414,6.050515,longitude_outside_sri_lanka,coordinates
OUT_17812,0.0,0.0,longitude_outside_sri_lanka,coordinates
OUT_17985,80.538653,5.988942,longitude_outside_sri_lanka,coordinates
OUT_17997,80.340445,6.001896,longitude_outside_sri_lanka,coordinates
OUT_18213,80.464266,6.161693,longitude_outside_sri_lanka,coordinates
OUT_18254,80.322648,6.103513,longitude_outside_sri_lanka,coordinates
OUT_18356,0.0,0.0,longitude_outside_sri_lanka,coordinates
OUT_18436,80.404534,6.107686,longitude_outside_sri_lanka,coordinates
OUT_18501,80.559474,6.172749,longitude_outside_sri_lanka,coordinates
OUT_18566,80.512937,6.246072,longitude_outside_sri_lanka,coordinates
OUT_18634,80.395366,6.052797,longitude_outside_sri_lanka,coordinates
OUT_18683,80.516414,6.195823,longitude_outside_sri_lanka,coordinates
OUT_18878,80.234559,6.111299,longitude_outside_sri_lanka,coordinates
OUT_18927,80.474217,5.946848,longitude_outside_sri_lanka,coordinates
OUT_18975,0.0,0.0,longitude_outside_sri_lanka,coordinates
OUT_19078,80.376595,6.015085,longitude_outside_sri_lanka,coordinates
OUT_19087,80.47578,6.045408,longitude_outside_sri_lanka,coordinates
OUT_19111,80.278704,6.213139,longitude_outside_sri_lanka,coordinates
OUT_19134,80.569635,6.221716,longitude_outside_sri_lanka,coordinates
OUT_19145,0.0,0.0,longitude_outside_sri_lanka,coordinates
OUT_19170,0.0,0.0,longitude_outside_sri_lanka,coordinates
OUT_19319,0.0,0.0,longitude_outside_sri_lanka,coordinates
OUT_19330,0.0,0.0,longitude_outside_sri_lanka,coordinates
OUT_19511,80.203438,6.294909,longitude_outside_sri_lanka,coordinates
OUT_19523,80.507599,6.276599,longitude_outside_sri_lanka,coordinates
OUT_19539,80.21905,5.97249,longitude_outside_sri_lanka,coordinates
OUT_19566,80.567471,6.225398,longitude_outside_sri_lanka,coordinates
OUT_19644,80.518262,6.018135,longitude_outside_sri_lanka,coordinates
OUT_19734,80.401239,6.251365,longitude_outside_sri_lanka,coordinates
OUT_19980,80.290325,6.032059,longitude_outside_sri_lanka,coordinates
